,date,open,close,high,low,volume,code
0,2015-12-04,39.561,40.197,41.951,38.356,35158.0,300364
1,2015-12-07,40.163,41.649,43.575,39.161,31541.0,300364
2,2015-12-08,40.971,40.577,41.746,39.963,19410.0,300364
3,2015-12-09,40.163,37.352,40.163,36.523,30119.0,300364
4,2015-12-10,37.372,36.006,38.958,34.942,30691.0,300364
5,2015-12-11,37.111,35.765,37.452,35.147,19902.0,300364
6,2015-12-14,34.952,37.344,37.35,34.944,20711.0,300364
7,2015-12-15,37.553,38.856,39.898,37.051,24975.0,300364
8,2015-12-16,38.932,41.489,42.284,38.635,29562.0,300364
9,2015-12-17,41.487,41.471,42.935,40.442,24101.0,300364
10,2015-12-18,41.471,40.133,41.471,39.159,22329.0,300364
11,2015-12-21,39.965,38.322,39.965,37.545,19949.0,300364
12,2015-12-22,38.918,38.758,39.561,37.76,15594.0,300364
13,2015-12-23,38.758,38.015,39.336,37.352,18540.0,300364
14,2015-12-24,38.151,37.553,38.151,36.308,20870.0,300364
15,2015-12-25,37.557,36.95,38.043,36.147,20903.0,300364
16,2015-12-28,36.95,35.243,37.324,34.998,20853.0,300364
17,2015-12-29,35.195,36.031,36.147,33.994,20706.0,300364
18,2015-12-30,36.147,35.749,36.444,35.143,16137.0,300364
19,2015-12-31,35.549,35.745,35.846,34.187,24021.0,300364
20,2016-01-04,35.545,32.171,35.545,32.171,16390.0,300364
21,2016-01-05,28.954,28.954,30.625,28.954,38266.0,300364
22,2016-01-06,29.319,29.922,30.625,27.693,37214.0,300364
23,2016-01-07,29.319,26.93,29.319,26.93,7287.0,300364
24,2016-01-08,26.93,25.498,27.534,24.261,40154.0,300364
25,2016-01-11,24.5,23.395,25.022,22.983,34380.0,300364
26,2016-01-12,23.696,25.735,25.735,23.498,48329.0,300364
27,2016-01-13,26.106,25.042,26.64,24.901,41330.0,300364
28,2016-01-14,22.793,27.546,27.546,22.793,45994.0,300364
29,2016-01-15,27.546,27.508,28.506,26.51,38536.0,300364
30,2016-01-18,26.711,25.901,27.914,25.452,59723.0,300364
31,2016-01-19,24.7,25.464,26.323,23.373,71224.0,300364
32,2016-01-20,24.799,24.321,25.566,24.108,47902.0,300364
33,2016-01-21,23.696,21.889,23.998,21.889,49455.0,300364
34,2016-01-22,20.285,20.246,20.861,19.981,81082.0,300364
35,2016-01-25,20.594,22.271,22.271,20.594,95657.0,300364
36,2016-01-26,21.688,20.044,21.688,20.044,89709.0,300364
37,2016-01-27,19.479,20.519,20.732,18.879,65780.0,300364
38,2016-01-28,20.082,20.14,20.801,19.68,47913.0,300364
39,2016-01-29,19.981,21.285,22.044,19.704,54090.0,300364
40,2016-02-01,20.905,20.594,21.246,19.841,40660.0,300364
41,2016-02-02,20.704,22.09,22.311,20.704,46472.0,300364
42,2016-02-03,21.467,22.65,22.953,21.186,39944.0,300364
43,2016-02-04,22.773,22.602,23.817,22.313,39136.0,300364
44,2016-02-05,22.489,21.75,22.755,21.688,20608.0,300364
45,2016-02-15,20.863,22.293,22.893,20.505,24471.0,300364
46,2016-02-16,22.431,23.054,23.857,22.307,28684.0,300364
47,2016-02-17,22.889,22.668,23.004,22.006,47593.0,300364
48,2016-02-18,22.933,22.973,23.897,22.696,40181.0,300364
49,2016-02-19,22.893,22.74,23.253,22.291,27892.0,300364
50,2016-02-22,23.094,22.793,23.094,22.409,29095.0,300364
51,2016-02-23,22.893,21.291,22.977,20.714,52786.0,300364
52,2016-02-24,20.889,21.104,21.287,20.176,41155.0,300364
53,2016-02-25,21.086,18.993,21.152,18.993,37578.0,300364
54,2016-02-26,18.843,18.116,19.17,17.551,34265.0,300364
55,2016-02-29,17.471,16.304,17.67,16.304,31726.0,300364
56,2016-03-01,15.764,16.324,16.634,15.152,47091.0,300364
57,2016-03-02,15.985,17.529,17.933,15.941,48215.0,300364
58,2016-03-03,17.471,17.186,18.232,17.106,40398.0,300364
59,2016-03-04,16.869,15.545,17.248,15.467,37624.0,300364
60,2016-03-07,15.869,17.1,17.1,15.869,54410.0,300364
61,2016-03-08,17.128,17.509,17.873,15.764,63124.0,300364
62,2016-03-09,16.8,17.063,17.971,16.467,37391.0,300364
63,2016-03-10,17.15,16.828,17.748,16.678,27346.0,300364
64,2016-03-11,16.344,16.895,17.23,16.176,31575.0,300364
65,2016-03-14,17.246,18.584,18.584,17.148,67917.0,300364
66,2016-03-15,18.286,18.049,18.945,18.011,61427.0,300364
67,2016-03-16,18.555,17.662,18.664,17.411,31852.0,300364
68,2016-03-17,17.925,18.977,19.419,17.592,54881.0,300364
69,2016-03-18,19.475,20.869,20.869,19.078,60556.0,300364
70,2016-03-21,21.586,21.005,21.668,20.459,54470.0,300364
71,2016-03-22,20.815,20.413,20.841,20.142,32495.0,300364
72,2016-03-23,20.463,20.795,21.487,20.343,35142.0,300364
73,2016-03-24,20.399,20.734,21.642,20.082,48941.0,300364
74,2016-03-25,20.423,20.373,20.981,19.881,27674.0,300364
75,2016-03-28,20.505,20.58,21.447,20.333,33968.0,300364
76,2016-03-29,20.343,19.676,20.664,19.21,34920.0,300364
77,2016-03-30,19.919,20.325,20.403,19.497,39208.0,300364
78,2016-03-31,20.596,20.363,21.186,20.138,41503.0,300364
79,2016-04-01,20.082,19.57,20.172,19.222,34661.0,300364
80,2016-04-05,19.74,20.554,20.582,19.479,37128.0,300364
81,2016-04-06,20.437,20.256,20.658,19.704,38000.0,300364
82,2016-04-07,20.256,20.062,21.162,20.021,47917.0,300364
83,2016-04-08,19.702,19.556,19.797,18.997,34014.0,300364
84,2016-04-11,19.682,20.042,20.443,19.68,28223.0,300364
85,2016-04-12,19.885,20.353,20.56,19.479,32095.0,300364
86,2016-04-13,20.483,21.722,22.367,20.481,75430.0,300364
87,2016-04-14,21.789,21.668,21.871,21.138,47629.0,300364
88,2016-04-15,21.495,21.327,21.668,21.062,27272.0,300364
89,2016-04-18,20.985,20.666,21.048,20.451,24360.0,300364
90,2016-04-19,20.865,21.385,21.397,20.684,34324.0,300364
91,2016-04-20,21.387,20.192,21.487,19.246,51539.0,300364
92,2016-04-21,19.881,19.596,19.999,19.142,32611.0,300364
93,2016-04-22,19.379,19.76,19.782,19.178,21308.0,300364
94,2016-04-25,19.558,19.475,19.758,19.054,14243.0,300364
95,2016-04-26,19.459,19.431,19.61,19.128,13211.0,300364
96,2016-04-27,19.439,19.333,19.64,19.29,9965.0,300364
97,2016-04-28,19.339,18.736,19.407,17.973,38371.0,300364
98,2016-04-29,18.375,18.746,18.746,18.094,24340.0,300364
99,2016-05-03,18.515,19.301,19.443,18.375,19977.0,300364
100,2016-05-04,19.138,19.317,19.529,19.08,20449.0,300364
101,2016-05-05,19.339,19.578,19.74,19.098,18166.0,300364
102,2016-05-06,19.578,19.074,19.736,18.572,24534.0,300364
103,2016-05-09,18.676,18.616,18.877,17.772,21784.0,300364
104,2016-05-10,18.415,17.953,18.447,17.953,12452.0,300364
105,2016-05-11,18.19,16.828,18.194,16.708,27854.0,300364
106,2016-05-12,16.606,16.537,16.688,15.796,17486.0,300364
107,2016-05-13,16.415,16.477,16.947,16.306,13376.0,300364
108,2016-05-16,16.487,16.768,16.869,16.085,13969.0,300364
109,2016-05-17,16.772,16.83,17.009,16.411,14895.0,300364
110,2016-05-18,16.527,15.985,16.662,15.883,13052.0,300364
111,2016-05-19,16.065,16.304,16.915,15.744,22005.0,300364
112,2016-05-20,16.089,16.686,16.772,15.897,14103.0,300364
113,2016-05-23,16.869,17.911,18.355,16.869,38862.0,300364
114,2016-05-24,17.71,17.511,17.833,17.17,18027.0,300364
115,2016-05-25,17.68,17.507,18.154,17.224,15563.0,300364
116,2016-05-26,17.511,17.702,17.792,16.909,14360.0,300364
117,2016-05-27,17.692,17.069,17.973,17.069,18457.0,300364
118,2016-05-30,16.869,16.81,17.178,16.734,9589.0,300364
119,2016-05-31,16.816,17.947,18.063,16.816,29987.0,300364
120,2016-06-01,18.435,18.475,19.276,18.144,33579.0,300364
121,2016-06-02,18.355,18.929,19.076,18.178,27650.0,300364
122,2016-06-03,18.955,20.823,20.823,18.943,69328.0,300364
123,2016-06-06,21.283,20.564,21.283,19.963,44733.0,300364
124,2016-06-07,20.74,20.297,21.757,19.739,101743.0,300364
125,2016-06-08,20.341,19.408,20.532,19.144,67655.0,300364
126,2016-06-13,18.75,17.473,19.069,17.473,59532.0,300364
127,2016-06-14,17.154,17.378,17.76,17.09,41423.0,300364
128,2016-06-15,17.206,17.944,18.391,17.078,49425.0,300364
129,2016-06-16,17.948,18.287,18.546,17.673,52995.0,300364
130,2016-06-17,18.315,18.135,18.714,17.876,35485.0,300364
131,2016-06-20,18.151,17.908,18.151,17.397,39113.0,300364
132,2016-06-21,17.988,18.267,18.622,17.868,55503.0,300364
133,2016-06-22,18.008,18.371,18.426,18.008,31599.0,300364
134,2016-06-23,18.379,19.284,20.209,18.379,86692.0,300364
135,2016-06-24,18.921,19.228,19.771,18.546,71866.0,300364
136,2016-06-27,19.144,19.862,20.082,19.144,59041.0,300364
137,2016-06-28,19.659,20.891,21.729,19.384,82845.0,300364
138,2016-06-29,21.011,21.095,21.857,20.812,93771.0,300364
139,2016-06-30,20.82,20.74,21.334,20.544,49247.0,300364
140,2016-07-01,22.539,21.876,22.814,21.629,182114.0,300364
141,2016-07-04,21.382,21.506,21.737,21.023,97986.0,300364
142,2016-07-05,21.143,20.871,21.334,20.696,86796.0,300364
143,2016-07-06,20.871,21.027,21.358,20.748,54076.0,300364
144,2016-07-07,21.007,20.445,21.127,19.946,67586.0,300364
145,2016-07-08,20.445,20.696,20.919,20.285,59520.0,300364
146,2016-07-11,20.696,20.074,20.74,20.022,77530.0,300364
147,2016-07-12,19.946,20.161,20.293,19.268,67032.0,300364
148,2016-07-13,20.094,21.059,21.362,20.094,106943.0,300364
149,2016-07-14,21.067,20.899,21.143,20.732,42936.0,300364
150,2016-07-15,20.879,20.281,20.879,20.185,40317.0,300364
151,2016-07-18,20.293,20.03,20.52,19.942,31527.0,300364
152,2016-07-19,20.138,21.649,21.649,20.138,99701.0,300364
153,2016-07-25,21.139,21.868,23.033,20.748,117916.0,300364
154,2016-07-26,21.737,22.311,22.886,21.701,65656.0,300364
155,2016-07-27,22.136,20.612,22.283,20.405,63749.0,300364
156,2016-07-28,20.76,19.994,20.927,19.739,59393.0,300364
157,2016-07-29,19.954,19.743,20.265,19.463,42175.0,300364
158,2016-08-01,19.535,20.161,20.473,18.666,42669.0,300364
159,2016-08-02,20.07,20.022,20.461,19.862,26262.0,300364
160,2016-08-03,19.942,20.062,20.261,19.743,19179.0,300364
161,2016-08-04,19.93,19.962,20.213,19.783,19790.0,300364
162,2016-08-05,19.938,19.763,20.13,19.376,25420.0,300364
163,2016-08-08,19.452,19.791,19.802,19.356,17909.0,300364
164,2016-08-09,19.942,20.241,21.139,19.942,29146.0,300364
165,2016-08-10,20.261,20.082,20.381,20.022,20872.0,300364
166,2016-08-11,20.082,19.743,20.082,19.627,16571.0,300364
167,2016-08-12,19.775,19.914,19.934,19.607,14770.0,300364
168,2016-08-15,20.102,21.095,21.41,19.743,80969.0,300364
169,2016-08-16,20.939,20.839,21.438,20.839,43662.0,300364
170,2016-08-17,20.891,21.039,21.314,20.66,40570.0,300364
171,2016-08-18,21.071,20.899,21.071,20.544,31358.0,300364
172,2016-08-19,20.931,20.708,20.931,20.584,21210.0,300364
173,2016-08-22,20.72,20.425,21.135,20.345,24458.0,300364
174,2016-08-23,20.341,20.528,21.047,20.265,26702.0,300364
175,2016-08-24,20.528,20.68,20.931,20.353,29505.0,300364
176,2016-08-25,20.748,20.377,20.816,20.142,22901.0,300364
177,2016-08-26,20.441,20.313,20.6,20.181,18515.0,300364
178,2016-08-29,20.293,20.09,20.492,20.022,22141.0,300364
179,2016-08-30,20.146,20.074,20.337,20.022,17782.0,300364
180,2016-08-31,20.102,19.543,20.102,19.184,49565.0,300364
181,2016-09-01,19.703,19.475,20.094,19.471,27092.0,300364
182,2016-09-02,19.32,19.264,19.531,19.065,28248.0,300364
183,2016-09-05,19.332,19.236,19.4,19.164,18914.0,300364
184,2016-09-06,19.224,19.523,19.775,18.885,42357.0,300364
185,2016-09-07,19.244,18.933,19.463,18.865,49960.0,300364
186,2016-09-08,18.957,18.646,19.057,18.506,38560.0,300364
187,2016-09-09,18.646,18.498,18.694,18.43,27961.0,300364
188,2016-09-12,18.267,18.347,18.825,17.976,33701.0,300364
189,2016-09-13,18.359,18.574,18.61,18.247,31031.0,300364
190,2016-09-14,18.426,18.355,18.825,18.287,21783.0,300364
191,2016-09-19,18.526,18.462,18.734,18.331,23597.0,300364
192,2016-09-20,18.654,18.363,18.654,18.331,11391.0,300364
193,2016-09-21,18.502,18.287,18.502,18.187,16941.0,300364
194,2016-09-22,18.367,18.598,18.945,17.354,35790.0,300364
195,2016-09-23,18.458,18.243,18.526,18.107,23102.0,300364
196,2016-09-26,17.948,17.812,18.147,17.645,21330.0,300364
197,2016-09-27,17.788,18.044,18.742,17.74,17926.0,300364
198,2016-09-28,18.299,18.387,18.646,18.036,44981.0,300364
199,2016-09-29,18.291,18.466,18.865,18.199,25630.0,300364
200,2016-09-30,18.454,18.43,18.726,18.351,13510.0,300364
201,2016-10-10,18.387,18.801,18.833,18.387,42235.0,300364
202,2016-10-11,18.821,18.622,18.821,18.538,32443.0,300364
203,2016-10-12,18.522,18.47,18.67,18.407,23777.0,300364
204,2016-10-13,18.506,18.762,18.905,18.486,40478.0,300364
205,2016-10-14,18.762,18.837,19.085,18.762,30497.0,300364
206,2016-10-17,18.758,18.606,18.925,18.578,26286.0,300364
207,2016-10-18,18.618,18.762,18.801,18.466,17395.0,300364
208,2016-10-19,18.762,18.718,18.917,18.662,23123.0,300364
209,2016-10-20,18.654,18.861,18.945,18.63,23390.0,300364
210,2016-10-21,18.881,18.526,18.881,18.351,21811.0,300364
211,2016-10-24,18.526,18.558,18.666,18.299,18372.0,300364
212,2016-10-25,18.578,18.61,18.785,18.51,14417.0,300364
213,2016-10-26,18.586,18.478,18.626,18.351,15773.0,300364
214,2016-10-27,18.478,18.351,18.518,18.127,24170.0,300364
215,2016-10-28,18.343,18.411,18.578,18.275,18474.0,300364
216,2016-10-31,18.411,17.956,18.446,17.868,20353.0,300364
217,2016-11-01,17.948,18.283,18.379,17.748,26063.0,300364
218,2016-11-02,18.107,18.534,18.917,18.107,41504.0,300364
219,2016-11-03,18.446,18.869,19.065,18.351,41433.0,300364
220,2016-11-04,18.762,18.961,19.124,18.75,28430.0,300364
221,2016-11-07,18.817,19.878,20.82,18.817,70255.0,300364
222,2016-11-08,19.902,19.858,20.142,19.727,36046.0,300364
223,2016-11-09,19.747,19.894,20.473,19.487,49533.0,300364
224,2016-11-10,20.138,19.954,20.74,19.902,36828.0,300364
225,2016-11-11,19.914,19.711,20.492,19.527,52810.0,300364
226,2016-11-14,19.727,20.64,20.772,19.711,76690.0,300364
227,2016-11-15,20.5,20.7,20.74,20.261,38798.0,300364
228,2016-11-16,20.824,21.039,21.529,20.74,66490.0,300364
229,2016-11-17,20.74,20.54,20.899,20.345,27717.0,300364
230,2016-11-18,20.544,21.039,22.255,20.544,54017.0,300364
231,2016-11-21,21.143,21.849,21.936,20.991,64687.0,300364
232,2016-11-22,22.331,20.963,22.407,20.832,92615.0,300364
233,2016-11-23,20.82,20.221,21.266,20.181,69992.0,300364
234,2016-11-24,20.301,20.297,20.54,20.082,31498.0,300364
235,2016-11-25,20.301,20.405,20.72,20.106,25620.0,300364
236,2016-11-28,20.421,19.607,20.421,19.344,50885.0,300364
237,2016-11-29,19.543,19.296,19.711,19.296,26473.0,300364
238,2016-11-30,19.284,19.3,19.699,19.136,28614.0,300364
239,2016-12-01,19.36,19.372,19.559,19.176,19723.0,300364
240,2016-12-02,19.248,18.407,19.448,18.335,41442.0,300364
241,2016-12-05,18.163,19.547,19.739,18.147,60206.0,300364
242,2016-12-06,19.503,19.802,19.926,19.188,41501.0,300364
243,2016-12-07,19.543,19.822,20.022,19.535,25853.0,300364
244,2016-12-08,19.743,19.862,19.914,19.312,28134.0,300364
245,2016-12-09,21.577,20.54,21.629,20.281,241264.0,300364
246,2016-12-12,20.341,18.486,20.341,18.486,148134.0,300364
247,2016-12-13,17.621,17.393,17.936,17.011,126383.0,300364
248,2016-12-14,17.174,16.899,17.509,16.899,71663.0,300364
249,2016-12-15,16.632,16.891,17.146,16.576,58189.0,300364
250,2016-12-16,16.915,17.05,17.23,16.715,50972.0,300364
251,2016-12-19,17.039,16.612,17.05,16.56,45227.0,300364
252,2016-12-20,16.66,16.424,16.871,16.361,43930.0,300364
253,2016-12-21,16.532,16.46,16.672,16.277,39353.0,300364
254,2016-12-22,16.392,16.002,16.392,15.954,53345.0,300364
255,2016-12-23,15.954,16.033,16.313,15.898,38810.0,300364
256,2016-12-26,15.97,15.874,15.998,15.507,40615.0,300364
257,2016-12-27,15.858,16.014,16.281,15.762,42875.0,300364
258,2016-12-28,15.954,15.874,16.145,15.834,24380.0,300364
259,2016-12-29,15.87,15.754,15.994,15.635,27507.0,300364
260,2016-12-30,15.702,15.762,15.858,15.643,19480.0,300364
261,2017-01-03,15.886,16.117,16.265,15.778,43372.0,300364
262,2017-01-04,16.117,16.532,16.696,16.117,54850.0,300364
263,2017-01-05,16.428,16.376,16.472,16.233,30389.0,300364
264,2017-01-06,16.273,16.117,16.424,15.998,27579.0,300364
265,2017-01-09,15.934,15.93,16.113,15.794,22398.0,300364
266,2017-01-10,15.97,16.025,16.101,15.806,21558.0,300364
267,2017-01-11,15.954,15.682,16.021,15.667,19851.0,300364
268,2017-01-12,15.754,15.694,16.002,15.643,21853.0,300364
269,2017-01-13,15.635,15.18,15.814,15.148,34785.0,300364
270,2017-01-16,15.072,13.76,15.1,13.66,50235.0,300364
271,2017-01-17,13.76,13.959,14.159,13.054,42127.0,300364
272,2017-01-18,13.86,14.079,14.083,13.601,25441.0,300364
273,2017-01-19,13.955,14.055,14.283,13.608,32817.0,300364
274,2017-01-20,14.055,14.271,14.51,13.928,22653.0,300364
275,2017-01-23,14.231,14.414,14.713,14.167,22035.0,300364
276,2017-01-24,14.482,13.999,14.55,13.983,17241.0,300364
277,2017-01-25,13.84,14.825,14.857,13.84,37163.0,300364
278,2017-01-26,14.705,15.036,15.216,14.602,32988.0,300364
279,2017-02-03,15.152,15.012,15.427,14.893,25422.0,300364
280,2017-02-06,14.833,14.965,14.965,14.55,31730.0,300364
281,2017-02-07,14.957,14.873,14.965,14.677,22412.0,300364
282,2017-02-08,14.821,15.076,15.088,14.697,19641.0,300364
283,2017-02-09,15.14,15.088,15.208,14.909,19836.0,300364
284,2017-02-10,15.148,14.869,15.148,14.753,20608.0,300364
285,2017-09-05,14.979,14.52,15.359,13.431,347660.0,300364
286,2017-09-06,14.53,15.968,15.968,14.48,132191.0,300364
287,2017-09-07,16.657,17.026,17.496,16.307,583406.0,300364
288,2017-09-08,16.497,16.207,16.647,16.018,256722.0,300364
289,2017-09-11,16.038,15.728,16.357,15.658,211206.0,300364
290,2017-09-12,15.438,15.119,15.768,14.809,263541.0,300364
291,2017-09-13,15.159,14.36,15.159,14.13,285000.0,300364
292,2017-09-14,14.29,14.4,14.47,14.01,200810.0,300364
293,2017-09-15,14.31,14.15,14.44,14.03,147075.0,300364
294,2017-09-18,14.04,14.11,14.25,14.04,80620.0,300364
295,2017-09-19,14.15,14.34,14.56,14.12,140608.0,300364
296,2017-09-20,14.36,14.22,14.5,14.13,112659.0,300364
297,2017-09-21,14.2,13.99,14.2,13.99,91691.0,300364
298,2017-09-22,13.911,13.781,13.941,13.591,92722.0,300364
299,2017-09-25,13.721,13.481,13.901,13.441,82155.0,300364
300,2017-09-26,13.471,13.162,13.591,13.082,118174.0,300364
301,2017-09-27,13.241,13.232,13.251,13.032,96810.0,300364
302,2017-09-28,13.241,13.052,13.341,13.042,78701.0,300364
303,2017-09-29,13.112,13.122,13.222,13.042,51297.0,300364
304,2017-10-09,13.261,13.601,13.601,13.202,107592.0,300364
305,2017-10-10,13.531,13.611,13.631,13.391,88709.0,300364
306,2017-10-11,13.651,13.751,14.13,13.641,133790.0,300364
307,2017-10-12,13.291,13.391,13.511,13.202,122433.0,300364
308,2017-10-13,13.261,13.391,13.431,13.241,56819.0,300364
309,2017-10-16,13.391,13.611,14.27,13.311,184303.0,300364
310,2017-10-17,13.541,13.441,13.551,13.212,87290.0,300364
311,2017-10-18,13.431,13.281,13.781,13.271,80122.0,300364
312,2017-10-19,13.391,13.112,13.391,13.042,66832.0,300364
313,2017-10-20,13.112,13.461,13.471,13.032,67996.0,300364
314,2017-10-23,13.381,13.571,13.96,13.301,143197.0,300364
315,2017-10-24,13.511,13.701,13.851,13.381,108929.0,300364
316,2017-10-25,13.781,13.98,14.13,13.621,142792.0,300364
317,2017-10-26,14.999,14.679,15.378,14.59,541561.0,300364
318,2017-10-27,14.49,14.2,14.879,14.05,308336.0,300364
319,2017-10-30,14.08,13.092,14.28,13.092,230510.0,300364
320,2017-10-31,13.032,13.072,13.182,12.762,159424.0,300364
321,2017-11-01,13.102,13.182,13.621,12.952,178362.0,300364
322,2017-11-02,13.251,13.112,13.631,13.082,132633.0,300364
323,2017-11-03,12.942,13.172,13.271,12.752,123765.0,300364
324,2017-11-06,13.172,13.192,13.481,12.912,117565.0,300364
325,2017-11-07,13.202,13.561,13.581,12.932,197905.0,300364
326,2017-11-08,13.481,13.451,13.671,13.261,243143.0,300364
327,2017-11-09,13.281,13.072,13.351,13.042,157716.0,300364
328,2017-11-10,13.072,13.082,13.251,12.892,132638.0,300364
329,2017-11-13,13.541,12.952,13.561,12.942,120540.0,300364
330,2017-11-14,12.872,12.682,12.962,12.632,117406.0,300364
331,2017-11-15,12.582,12.003,12.632,11.983,146255.0,300364
332,2017-11-16,11.933,11.943,12.023,11.863,67518.0,300364
333,2017-11-17,11.863,10.825,11.873,10.745,175256.0,300364
334,2017-11-20,10.695,10.505,10.695,10.066,113607.0,300364
335,2017-11-21,10.465,10.256,10.605,10.256,105101.0,300364
336,2017-11-22,10.336,10.515,10.675,10.256,116715.0,300364
337,2017-11-23,10.435,9.956,10.495,9.886,137240.0,300364
338,2017-11-24,9.976,9.996,10.136,9.786,73125.0,300364
339,2017-11-27,10.036,9.846,10.136,9.796,74441.0,300364
340,2017-11-28,9.906,9.886,9.976,9.826,92737.0,300364
341,2017-11-29,9.916,9.637,9.926,9.417,133740.0,300364
342,2017-11-30,9.587,9.437,9.716,9.397,89243.0,300364
343,2017-12-01,9.517,10.385,10.385,9.517,199248.0,300364
344,2017-12-04,10.915,10.026,10.975,10.006,375758.0,300364
345,2017-12-05,9.986,9.936,10.276,9.796,221194.0,300364
346,2017-12-06,9.796,10.166,10.246,9.517,213227.0,300364
347,2017-12-07,9.966,10.156,10.346,9.946,196582.0,300364
348,2017-12-08,10.096,10.086,10.256,9.996,140568.0,300364
349,2017-12-11,10.056,10.056,10.226,9.966,121037.0,300364
350,2017-12-12,10.056,9.786,10.066,9.766,108550.0,300364
351,2017-12-13,9.726,9.816,9.856,9.716,79826.0,300364
352,2017-12-14,9.936,9.906,10.146,9.886,102041.0,300364
353,2017-12-15,9.856,9.666,9.886,9.587,104826.0,300364
354,2017-12-18,9.766,9.776,9.836,9.587,67359.0,300364
355,2017-12-19,9.776,9.676,9.826,9.627,93197.0,300364
356,2017-12-20,9.686,9.976,10.186,9.307,235204.0,300364
357,2017-12-21,9.816,9.726,9.886,9.607,138823.0,300364
358,2017-12-22,9.637,9.527,9.647,9.507,79848.0,300364
359,2017-12-25,9.557,9.147,9.557,9.017,118525.0,300364
360,2017-12-26,9.097,9.177,9.257,9.007,70028.0,300364
361,2017-12-27,9.167,9.217,9.237,9.097,75629.0,300364
362,2018-01-05,9.986,9.676,10.026,9.597,295157.0,300364
363,2018-01-08,9.726,9.367,9.726,9.287,181397.0,300364
364,2018-01-09,9.297,9.407,9.437,9.297,99229.0,300364
365,2018-01-10,9.427,9.187,9.427,9.107,99567.0,300364
366,2018-01-11,9.177,9.437,9.517,9.157,110631.0,300364
367,2018-01-12,9.637,9.357,9.637,9.347,95436.0,300364
368,2018-01-15,9.277,8.987,9.277,8.987,103932.0,300364
369,2018-01-16,8.908,9.037,9.037,8.878,79761.0,300364
370,2018-01-17,8.967,9.207,9.337,8.718,144537.0,300364
371,2018-01-18,9.207,9.836,10.126,9.117,467261.0,300364
372,2018-01-19,9.537,9.836,10.146,9.417,299365.0,300364
373,2018-01-22,9.686,10.395,10.675,9.537,385109.0,300364
374,2018-01-23,10.266,10.166,10.435,10.086,213113.0,300364
375,2018-01-24,10.116,11.184,11.184,10.036,429565.0,300364
376,2018-01-25,11.284,11.734,12.303,11.204,733408.0,300364
377,2018-01-26,11.584,11.674,11.883,11.364,339681.0,300364
378,2018-01-29,11.684,10.995,11.684,10.845,340052.0,300364
379,2018-01-30,11.144,10.965,11.324,10.815,222963.0,300364
380,2018-01-31,11.015,10.445,11.015,10.146,265985.0,300364
381,2018-02-01,10.605,10.425,10.755,10.346,193056.0,300364
382,2018-02-02,10.286,11.464,11.464,10.196,290989.0,300364
383,2018-02-05,11.464,12.183,12.383,11.234,508437.0,300364
384,2018-02-06,11.684,11.444,12.463,11.284,424884.0,300364
385,2018-02-07,11.963,11.774,12.083,10.865,409044.0,300364
386,2018-02-08,11.574,12.253,12.483,11.374,445789.0,300364
387,2018-02-09,11.724,11.025,12.063,11.025,335584.0,300364
388,2018-02-12,10.985,11.254,11.424,10.495,250550.0,300364
389,2018-02-13,11.264,11.015,11.464,11.015,216820.0,300364
390,2018-02-14,10.795,9.916,10.905,9.916,288179.0,300364
391,2018-02-22,9.886,10.026,10.206,9.617,199534.0,300364
392,2018-02-23,10.076,9.836,10.106,9.706,195113.0,300364
393,2018-02-26,10.046,10.336,10.495,9.876,257926.0,300364
394,2018-02-27,10.336,11.374,11.374,10.236,316803.0,300364
395,2018-02-28,11.504,11.554,11.913,11.314,587696.0,300364
396,2018-03-01,11.314,11.863,11.903,11.314,409411.0,300364
397,2018-03-02,11.664,11.544,11.833,11.364,292470.0,300364
398,2018-03-05,11.484,12.263,12.333,11.234,441235.0,300364
399,2018-03-06,12.103,12.143,12.662,11.993,413966.0,300364
400,2018-03-07,12.203,11.833,12.353,11.714,293200.0,300364
401,2018-03-08,11.953,12.213,12.313,11.604,283274.0,300364
402,2018-03-09,12.143,12.532,12.822,12.083,452855.0,300364
403,2018-03-12,12.443,12.473,12.842,12.353,388423.0,300364
404,2018-03-13,12.463,12.163,12.463,12.103,310783.0,300364
405,2018-03-14,12.013,11.724,12.143,11.584,252250.0,300364
406,2018-03-15,11.714,11.843,11.863,11.344,224020.0,300364
407,2018-03-16,11.784,11.694,11.953,11.684,200839.0,300364
408,2018-03-19,11.624,11.873,12.093,11.624,202268.0,300364
409,2018-03-20,11.694,12.473,12.732,11.654,443792.0,300364
410,2018-03-21,12.403,12.403,12.682,12.223,349503.0,300364
411,2018-03-22,12.313,12.932,13.281,12.313,565225.0,300364
412,2018-03-23,12.313,11.644,12.602,11.644,492640.0,300364
413,2018-03-26,11.234,11.883,11.963,10.865,299036.0,300364
414,2018-03-27,12.033,12.343,12.602,11.913,352636.0,300364
415,2018-03-28,12.163,12.682,13.052,12.033,428901.0,300364
416,2018-03-29,12.782,12.582,12.952,12.283,333373.0,300364
417,2018-03-30,12.722,13.022,13.052,12.652,452189.0,300364
418,2018-04-02,13.162,12.702,13.182,12.692,373972.0,300364
419,2018-04-03,12.393,12.203,12.463,11.943,301094.0,300364
420,2018-04-04,12.233,11.993,12.383,11.963,179700.0,300364
421,2018-04-09,11.933,12.153,12.233,11.784,136025.0,300364
422,2018-04-10,11.374,11.045,11.584,11.025,403104.0,300364
423,2018-04-11,11.184,11.035,11.224,10.895,218617.0,300364
424,2018-04-12,11.055,10.665,11.124,10.595,182756.0,300364
425,2018-04-13,10.765,10.475,10.835,10.405,191118.0,300364
426,2018-04-16,10.425,10.575,10.695,10.405,140474.0,300364
427,2018-04-17,10.615,10.196,10.675,10.156,129639.0,300364
428,2018-04-18,10.216,10.376,10.415,9.816,196977.0,300364
429,2018-04-19,10.296,10.306,10.455,10.216,117036.0,300364
430,2018-04-20,10.216,10.385,10.635,10.196,148541.0,300364
431,2018-04-23,10.485,10.086,10.555,9.966,99690.0,300364
432,2018-04-24,10.106,10.266,10.316,10.066,102373.0,300364
433,2018-04-25,10.176,10.106,10.346,10.096,107375.0,300364
434,2018-04-26,10.116,9.716,10.166,9.706,139763.0,300364
435,2018-04-27,9.776,9.557,9.816,9.487,112397.0,300364
436,2018-05-02,9.557,9.347,9.706,9.297,79881.0,300364
437,2018-05-03,9.347,9.637,9.676,9.217,103612.0,300364
438,2018-05-04,9.587,9.607,9.816,9.537,73641.0,300364
439,2018-05-07,9.617,9.706,9.786,9.607,77074.0,300364
440,2018-05-08,9.696,9.756,9.796,9.587,79705.0,300364
441,2018-05-09,9.736,9.886,9.936,9.696,96525.0,300364
442,2018-05-10,9.986,10.106,10.346,9.906,145968.0,300364
443,2018-05-11,10.126,9.786,10.126,9.776,133729.0,300364
444,2018-05-14,9.786,9.627,9.936,9.577,74606.0,300364
445,2018-05-15,9.637,9.816,9.826,9.587,63291.0,300364
446,2018-05-16,9.786,9.657,9.906,9.647,76708.0,300364
447,2018-05-17,9.597,9.437,9.716,9.387,81969.0,300364
448,2018-05-18,9.387,9.587,9.637,9.367,79701.0,300364
449,2018-05-21,9.597,10.006,10.136,9.597,166534.0,300364
450,2018-05-22,9.986,10.086,10.196,9.966,122822.0,300364
451,2018-05-23,10.086,9.946,10.146,9.876,75023.0,300364
452,2018-05-24,9.926,10.206,10.206,9.846,128225.0,300364
453,2018-05-25,10.206,9.866,10.206,9.846,120007.0,300364
454,2018-05-28,9.846,9.567,9.916,9.537,85046.0,300364
455,2018-05-29,9.577,9.487,9.726,9.467,75235.0,300364
456,2018-05-30,9.377,8.868,9.387,8.788,119033.0,300364
457,2018-05-31,8.918,8.948,9.107,8.768,97647.0,300364
458,2018-06-01,8.878,8.748,8.967,8.628,75132.0,300364
459,2018-06-04,8.798,8.628,8.828,8.568,65314.0,300364
460,2018-06-05,8.728,9.137,9.227,8.658,116647.0,300364
461,2018-06-06,8.938,9.057,9.127,8.878,75069.0,300364
462,2018-06-07,9.587,9.157,9.866,9.087,145511.0,300364
463,2018-06-08,9.057,9.037,9.337,8.938,94459.0,300364
464,2018-06-11,8.948,8.908,9.147,8.788,59849.0,300364
465,2018-06-12,8.908,8.918,9.017,8.718,61276.0,300364
466,2018-06-13,8.888,8.708,8.997,8.688,47634.0,300364
467,2018-06-14,8.638,8.678,8.838,8.638,44295.0,300364
468,2018-06-15,8.688,7.809,8.768,7.809,164387.0,300364
469,2018-06-19,7.529,7.03,7.589,7.03,153041.0,300364
470,2018-06-20,6.83,6.92,7.08,6.721,106326.0,300364
471,2018-06-21,7.0,6.93,7.23,6.92,110433.0,300364
472,2018-06-22,6.93,7.07,7.11,6.74,69151.0,300364
473,2018-06-25,7.15,6.92,7.16,6.9,58918.0,300364
474,2018-06-26,6.78,7.02,7.09,6.7,85812.0,300364
475,2018-06-27,7.02,6.81,7.05,6.72,84953.0,300364
476,2018-06-28,6.85,6.75,6.97,6.75,65283.0,300364
477,2018-06-29,6.78,7.04,7.16,6.77,111134.0,300364
478,2018-07-02,7.03,6.87,7.07,6.78,69012.0,300364
479,2018-07-03,6.92,7.11,7.13,6.89,102410.0,300364
480,2018-07-04,7.11,6.88,7.11,6.82,82228.0,300364
481,2018-07-05,6.86,6.61,6.97,6.6,74141.0,300364
482,2018-07-06,6.61,6.68,6.84,6.51,89442.0,300364
483,2018-07-09,6.74,6.83,6.83,6.7,54328.0,300364
484,2018-07-10,6.8,6.92,6.99,6.79,74433.0,300364
485,2018-07-11,6.8,6.74,6.8,6.58,66079.0,300364
486,2018-07-12,6.73,6.87,6.9,6.69,91063.0,300364
487,2018-07-13,6.9,6.73,6.91,6.72,77251.0,300364
488,2018-07-16,6.87,6.92,7.03,6.81,118702.0,300364
489,2018-07-17,6.85,7.23,7.35,6.78,171392.0,300364
490,2018-07-18,7.16,7.06,7.25,7.03,119631.0,300364
491,2018-07-19,7.03,6.99,7.12,6.93,68439.0,300364
492,2018-07-20,6.97,7.06,7.08,6.91,68555.0,300364
493,2018-07-23,7.06,7.1,7.12,6.98,65295.0,300364
494,2018-07-24,7.15,7.2,7.24,7.04,119719.0,300364
495,2018-07-25,7.22,7.45,7.45,7.12,151205.0,300364
496,2018-07-26,7.33,7.29,7.43,7.25,112176.0,300364
497,2018-07-27,7.27,7.13,7.32,7.12,77871.0,300364
498,2018-07-30,7.1,6.92,7.2,6.84,85683.0,300364
499,2018-07-31,6.9,7.0,7.04,6.89,63908.0,300364
500,2018-08-01,7.0,6.7,7.06,6.7,76091.0,300364
501,2018-08-02,6.66,6.33,6.79,6.16,124280.0,300364
502,2018-08-03,6.33,6.25,6.41,6.24,72438.0,300364
503,2018-08-06,6.26,6.09,6.3,6.09,81595.0,300364
504,2018-08-07,6.14,6.22,6.25,6.05,93469.0,300364
505,2018-08-08,6.22,6.32,6.61,6.15,125983.0,300364
506,2018-08-09,6.23,6.46,6.54,6.19,120474.0,300364
507,2018-08-10,6.41,6.44,6.51,6.36,90561.0,300364
508,2018-08-13,6.33,6.43,6.44,6.25,86987.0,300364
509,2018-08-14,6.38,6.43,6.6,6.35,82557.0,300364
510,2018-08-15,6.37,6.23,6.54,6.2,101350.0,300364
511,2018-08-16,6.17,6.26,6.33,6.11,77827.0,300364
512,2018-08-17,6.3,6.09,6.34,6.09,67784.0,300364
513,2018-08-20,6.07,6.23,6.26,6.05,57881.0,300364
514,2018-08-21,6.19,6.25,6.31,6.18,49146.0,300364
515,2018-08-22,6.22,6.22,6.4,6.19,51060.0,300364
516,2018-08-23,6.21,6.22,6.3,6.15,54240.0,300364
517,2018-08-24,6.38,6.25,6.43,6.24,92924.0,300364
518,2018-08-27,6.33,6.48,6.54,6.29,124818.0,300364
519,2018-08-28,6.49,6.5,6.56,6.39,99708.0,300364
520,2018-08-29,6.5,6.52,6.66,6.38,103466.0,300364
521,2018-08-30,6.47,6.31,6.53,6.31,69793.0,300364
522,2018-08-31,6.31,6.42,6.64,6.2,96632.0,300364
523,2018-09-03,6.31,6.59,6.59,6.31,100388.0,300364
524,2018-09-04,6.56,6.66,6.75,6.54,119875.0,300364
525,2018-09-05,6.66,6.62,6.91,6.6,152227.0,300364
526,2018-09-06,6.64,6.9,7.08,6.6,239620.0,300364
527,2018-09-07,6.84,6.76,6.97,6.66,148955.0,300364
528,2018-09-10,6.74,6.45,6.77,6.43,119700.0,300364
529,2018-09-11,6.5,6.5,6.6,6.45,78007.0,300364
530,2018-09-12,6.49,6.51,6.63,6.41,77396.0,300364
531,2018-09-13,6.55,6.23,6.61,6.09,265159.0,300364
532,2018-09-14,6.21,5.97,6.21,5.97,196495.0,300364
533,2018-09-17,5.93,5.81,5.94,5.7,123020.0,300364
534,2018-09-18,5.77,5.89,5.93,5.75,104855.0,300364
535,2018-09-19,5.86,5.96,6.06,5.85,110271.0,300364
536,2018-09-20,5.94,5.95,6.0,5.92,64177.0,300364
537,2018-09-21,5.98,6.03,6.06,5.95,86842.0,300364
538,2018-09-25,5.99,5.98,6.05,5.97,50412.0,300364
539,2018-09-26,6.0,6.01,6.05,5.96,76441.0,300364
540,2018-09-27,6.0,5.79,6.0,5.78,109483.0,300364
541,2018-09-28,5.8,5.9,5.93,5.78,74999.0,300364
542,2018-10-08,5.7,5.59,5.79,5.57,86669.0,300364
543,2018-10-09,5.58,5.68,5.71,5.58,50317.0,300364
544,2018-10-10,5.7,5.65,5.72,5.6,48316.0,300364
545,2018-10-11,5.46,5.09,5.48,5.09,134081.0,300364
546,2018-10-12,4.96,4.84,4.97,4.65,135927.0,300364
547,2018-10-15,4.86,4.79,4.95,4.74,66832.0,300364
548,2018-10-16,4.77,4.75,4.93,4.73,58522.0,300364
549,2018-10-17,4.83,4.92,4.93,4.78,77680.0,300364
550,2018-10-18,4.87,4.75,4.89,4.71,69156.0,300364
551,2018-10-19,4.68,4.89,4.92,4.62,73058.0,300364
552,2018-10-22,4.92,5.1,5.2,4.91,146805.0,300364
553,2018-10-23,5.07,4.97,5.13,4.95,104211.0,300364
554,2018-10-24,4.99,5.01,5.09,4.96,79917.0,300364
555,2018-10-25,4.84,4.98,5.02,4.75,88308.0,300364
556,2018-10-26,5.06,5.01,5.16,4.98,82546.0,300364
557,2018-10-29,4.99,5.0,5.08,4.93,51476.0,300364
558,2018-10-30,4.98,5.02,5.07,4.83,85886.0,300364
559,2018-10-31,5.05,5.13,5.35,5.02,120654.0,300364
560,2018-11-01,5.13,5.15,5.3,5.13,124350.0,300364
561,2018-11-02,5.24,5.32,5.35,5.19,132310.0,300364
562,2018-11-05,5.25,5.34,5.41,5.18,151188.0,300364
563,2018-11-06,5.3,5.28,5.32,5.16,121841.0,300364
564,2018-11-07,5.31,5.28,5.42,5.25,124402.0,300364
565,2018-11-08,5.32,5.23,5.35,5.2,119873.0,300364
566,2018-11-09,5.28,5.25,5.32,5.2,98216.0,300364
567,2018-11-12,5.25,5.46,5.48,5.22,134079.0,300364
568,2018-11-13,5.37,5.76,5.99,5.34,312237.0,300364
569,2018-11-14,5.7,5.75,5.84,5.61,194654.0,300364
570,2018-11-15,5.7,5.91,5.93,5.69,164590.0,300364
571,2018-11-16,5.83,5.94,6.05,5.8,186568.0,300364
572,2018-11-19,5.94,5.81,5.94,5.67,179106.0,300364
573,2018-11-20,5.72,5.62,5.8,5.56,128716.0,300364
574,2018-11-21,5.55,5.66,5.66,5.51,119802.0,300364
575,2018-11-22,5.68,5.69,5.84,5.62,156684.0,300364
576,2018-11-23,5.67,5.32,5.68,5.26,170822.0,300364
577,2018-11-26,5.29,5.27,5.41,5.23,86850.0,300364
578,2018-11-27,5.33,5.33,5.43,5.25,99950.0,300364
579,2018-11-28,5.35,5.77,5.86,5.2,430634.0,300364
580,2018-11-29,5.67,5.41,5.73,5.41,287260.0,300364
581,2018-11-30,5.37,5.27,5.38,5.12,220824.0,300364
582,2018-12-03,5.41,5.45,5.54,5.32,159757.0,300364
583,2018-12-04,5.42,5.64,5.69,5.39,193415.0,300364
584,2018-12-05,5.54,5.82,6.07,5.51,438949.0,300364
585,2018-12-06,5.87,6.07,6.4,5.71,658795.0,300364
586,2018-12-07,5.93,5.9,6.05,5.75,475027.0,300364
587,2018-12-10,5.8,5.82,5.85,5.69,205539.0,300364
588,2018-12-11,5.81,5.89,5.97,5.74,247093.0,300364
589,2018-12-12,5.86,5.8,5.93,5.77,181460.0,300364
590,2018-12-13,5.8,5.72,5.83,5.65,175766.0,300364
591,2018-12-14,5.72,5.5,5.82,5.44,180040.0,300364
592,2018-12-17,5.46,5.46,5.5,5.38,112275.0,300364
593,2018-12-18,5.42,5.45,5.52,5.31,124137.0,300364
594,2018-12-19,5.42,5.3,5.45,5.28,92068.0,300364
595,2018-12-20,5.33,5.36,5.39,5.23,106948.0,300364
596,2018-12-21,5.31,5.38,5.46,5.27,131855.0,300364
597,2018-12-24,5.39,5.45,5.52,5.36,120911.0,300364
598,2018-12-25,5.3,5.15,5.33,4.91,225413.0,300364
599,2018-12-26,5.12,5.13,5.29,5.06,128129.0,300364
600,2018-12-27,5.2,4.91,5.22,4.9,156024.0,300364
601,2018-12-28,4.89,4.84,4.97,4.83,126628.0,300364
602,2019-01-02,4.87,4.83,4.9,4.81,68564.0,300364
603,2019-01-03,4.85,4.86,4.91,4.82,94288.0,300364
604,2019-01-04,4.78,5.01,5.04,4.75,132934.0,300364
605,2019-01-07,5.01,5.12,5.14,5.0,135225.0,300364
606,2019-01-08,5.1,5.09,5.13,5.05,103147.0,300364
607,2019-01-09,5.08,5.07,5.2,5.07,128002.0,300364
608,2019-01-10,5.14,5.14,5.31,5.09,156042.0,300364
609,2019-01-11,5.11,5.14,5.16,5.06,105797.0,300364
610,2019-01-14,5.13,5.11,5.19,5.05,86667.0,300364
611,2019-01-15,5.09,5.2,5.25,5.08,123313.0,300364
612,2019-01-16,5.2,5.13,5.33,5.12,149452.0,300364
613,2019-01-17,5.14,5.09,5.23,5.09,121818.0,300364
614,2019-01-18,5.09,5.13,5.14,5.02,97768.0,300364
615,2019-01-21,5.13,5.14,5.18,5.09,113491.0,300364
616,2019-01-22,5.14,4.95,5.14,4.93,125399.0,300364
617,2019-01-23,4.93,4.97,5.02,4.91,68352.0,300364
618,2019-01-24,4.99,5.02,5.09,4.98,97512.0,300364
619,2019-01-25,5.02,4.92,5.06,4.9,84602.0,300364
620,2019-01-28,4.93,4.81,4.98,4.77,88560.0,300364
621,2019-01-29,4.78,4.58,4.79,4.41,132918.0,300364
622,2019-01-30,4.47,4.45,4.56,4.44,83958.0,300364
623,2019-01-31,4.12,4.06,4.23,4.03,255525.0,300364
624,2019-02-01,4.08,4.28,4.3,4.08,150717.0,300364
625,2019-02-11,4.28,4.38,4.42,4.26,134138.0,300364
626,2019-02-12,4.39,4.47,4.57,4.38,127342.0,300364
627,2019-02-13,4.46,4.59,4.62,4.46,153608.0,300364
628,2019-02-14,4.64,4.63,4.75,4.54,174097.0,300364
629,2019-02-15,4.58,4.61,4.72,4.53,155986.0,300364
630,2019-02-18,4.62,4.8,4.8,4.6,190946.0,300364
631,2019-02-19,4.8,4.81,4.86,4.71,212365.0,300364
632,2019-02-20,4.79,4.87,5.03,4.75,281495.0,300364
633,2019-02-21,4.83,4.82,4.99,4.8,243407.0,300364
634,2019-02-22,4.83,4.99,5.01,4.8,248518.0,300364
635,2019-02-25,5.08,5.3,5.31,5.0,431632.0,300364
636,2019-02-26,5.28,5.32,5.55,5.15,539777.0,300364
637,2019-02-27,5.32,5.41,5.56,5.22,430956.0,300364
638,2019-02-28,5.43,5.57,5.66,5.35,418681.0,300364
639,2019-03-01,5.53,5.42,5.57,5.31,321444.0,300364
640,2019-03-04,5.46,5.53,5.9,5.42,502492.0,300364
